timestamp,has_captured_movement
2026-08-01T19:59:26.427591,1
2026-08-01T19:59:30.427761,1
2026-08-01T19:59:32.927750,1
2026-08-01T19:59:39.927734,1
2026-08-01T19:59:42.427715,1
2026-08-01T19:59:49.427688,1
2026-08-01T20:00:03.927398,1
2026-08-01T20:00:08.927767,1
2026-08-01T20:00:14.427763,1
2026-08-01T20:01:14.927819,1
2026-08-01T20:01:19.428083,1
2026-08-01T20:02:36.428240,1
2026-08-01T20:03:08.428203,1
2026-08-01T20:03:10.928205,1
2026-08-01T20:03:13.928272,1
2026-08-01T20:03:23.928216,1
2026-08-01T20:03:26.929662,1
2026-08-01T20:03:32.928264,1
2026-08-01T20:03:36.428545,1
2026-08-01T20:03:38.928320,1
2026-08-01T20:03:42.928270,1
2026-08-01T20:03:45.428522,1
2026-08-01T20:04:05.428485,1
2026-08-01T20:04:29.428800,1
2026-08-01T20:04:32.428753,1
2026-08-01T20:04:35.428666,1
2026-08-01T20:04:43.928764,1
2026-08-01T20:04:57.928817,1
2026-08-01T20:05:01.428867,1
2026-08-01T20:05:18.428919,1
2026-08-01T20:05:46.928715,1
2026-08-01T20:05:54.929076,1
2026-08-01T20:05:59.928907,1
2026-08-01T20:06:03.430210,1
2026-08-01T20:06:06.928872,1
2026-08-01T20:06:49.929273,1
2026-08-01T20:06:52.429268,1
2026-08-01T20:06:54.929119,1
2026-08-01T20:06:57.929983,1
2026-08-01T20:07:02.929636,1
2026-08-01T20:07:06.429290,1
2026-08-01T20:07:10.929602,1
2026-08-01T20:07:14.929052,1
