2026-08-10T23:37:01.433061+10:00,67.0
2026-08-10T23:37:07.655519+10:00,84.0
2026-08-10T23:37:11.816810+10:00,19.0
2026-08-10T23:37:18.040191+10:00,12.0
2026-08-10T23:37:22.202583+10:00,96.0
2026-08-10T23:37:26.370448+10:00,37.0
2026-08-10T23:37:31.538956+10:00,85.0
2026-08-10T23:37:36.756950+10:00,84.0
2026-08-10T23:37:41.927601+10:00,93.0
2026-08-10T23:37:47.150500+10:00,56.0
2026-08-10T23:37:52.320399+10:00,63.0
2026-08-10T23:37:56.484624+10:00,86.0
2026-08-10T23:38:02.712309+10:00,79.0
2026-08-10T23:38:06.882225+10:00,13.0
2026-08-10T23:38:12.109747+10:00,35.0
2026-08-10T23:38:17.271716+10:00,85.0
2026-08-10T23:38:21.431264+10:00,1.0
2026-08-10T23:38:26.602996+10:00,42.0
2026-08-10T23:38:31.825822+10:00,78.0
2026-08-10T23:38:36.989669+10:00,5.0
2026-08-10T23:38:42.216232+10:00,18.0
2026-08-10T23:38:46.350984+10:00,19.0
2026-08-10T23:38:51.566837+10:00,67.0
2026-08-10T23:38:57.791850+10:00,19.0
2026-08-10T23:39:01.955846+10:00,74.0
2026-08-10T23:39:07.180837+10:00,39.0
2026-08-10T23:39:12.349072+10:00,63.0
